{
  "accuracy": 0.9798657718120806,
  "report": {
    "Iris-setosa": {
      "precision": 1.0,
      "recall": 1.0,
      "f1-score": 1.0,
      "support": 49.0
    },
    "Iris-versicolor": {
      "precision": 1.0,
      "recall": 0.94,
      "f1-score": 0.9690721649484536,
      "support": 50.0
    },
    "Iris-virginica": {
      "precision": 0.9433962264150944,
      "recall": 1.0,
      "f1-score": 0.970873786407767,
      "support": 50.0
    },
    "accuracy": 0.9798657718120806,
    "macro avg": {
      "precision": 0.9811320754716982,
      "recall": 0.98,
      "f1-score": 0.9799819837854069,
      "support": 149.0
    },
    "weighted avg": {
      "precision": 0.9810054451057364,
      "recall": 0.9798657718120806,
      "f1-score": 0.9798476346832954,
      "support": 149.0
    }
  }
}