{
  "accuracy": 0.8739495798319328,
  "report": {
    "Iris-setosa": {
      "precision": 0.9545454545454546,
      "recall": 1.0,
      "f1-score": 0.9767441860465116,
      "support": 42.0
    },
    "Iris-versicolor": {
      "precision": 0.8378378378378378,
      "recall": 0.775,
      "f1-score": 0.8051948051948052,
      "support": 40.0
    },
    "Iris-virginica": {
      "precision": 0.8157894736842105,
      "recall": 0.8378378378378378,
      "f1-score": 0.8266666666666667,
      "support": 37.0
    },
    "accuracy": 0.8739495798319328,
    "macro avg": {
      "precision": 0.869390922022501,
      "recall": 0.8709459459459459,
      "f1-score": 0.8695352193026612,
      "support": 119.0
    },
    "weighted avg": {
      "precision": 0.8721733876532638,
      "recall": 0.8739495798319328,
      "f1-score": 0.8724177704908602,
      "support": 119.0
    }
  }
}