{
  "accuracy": 0.959731543624161,
  "report": {
    "Iris-setosa": {
      "precision": 1.0,
      "recall": 1.0,
      "f1-score": 1.0,
      "support": 49.0
    },
    "Iris-versicolor": {
      "precision": 0.9583333333333334,
      "recall": 0.92,
      "f1-score": 0.9387755102040817,
      "support": 50.0
    },
    "Iris-virginica": {
      "precision": 0.9230769230769231,
      "recall": 0.96,
      "f1-score": 0.9411764705882353,
      "support": 50.0
    },
    "accuracy": 0.959731543624161,
    "macro avg": {
      "precision": 0.9604700854700855,
      "recall": 0.96,
      "f1-score": 0.9599839935974389,
      "support": 149.0
    },
    "weighted avg": {
      "precision": 0.9602047840302874,
      "recall": 0.959731543624161,
      "f1-score": 0.9597154297960794,
      "support": 149.0
    }
  }
}